Algorithm,Type,Size,Time,Depth,Comparisons
MergeSort,Random,100,145900,4,609
QuickSort,Random,100,716300,5,667
MergeSort,Sorted,100,115400,4,152
QuickSort,Sorted,100,394400,5,710
MergeSort,Reverse,100,212300,4,724
QuickSort,Reverse,100,300900,5,695
MergeSort,Duplicate,100,65000,4,525
QuickSort,Duplicate,100,249900,4,1276
DeterministicSelect,Random,100,7296300,5,353
ClosestPair,Random,100,9871700,6,145
MergeSort,Random,1000,1077500,7,9541
QuickSort,Random,1000,333300,7,11964
MergeSort,Sorted,1000,997000,7,3020
QuickSort,Sorted,1000,241000,8,10369
MergeSort,Reverse,1000,214800,7,10300
QuickSort,Reverse,1000,244400,8,11056
MergeSort,Duplicate,1000,221600,7,8358
QuickSort,Duplicate,1000,1747700,3,101698
DeterministicSelect,Random,1000,1198300,10,4230
ClosestPair,Random,1000,11487300,9,1729
MergeSort,Random,10000,3125700,11,120023
QuickSort,Random,10000,1598500,9,158866
MergeSort,Sorted,10000,1943900,11,50272
QuickSort,Sorted,10000,898400,9,156980
MergeSort,Reverse,10000,3372500,11,93648
QuickSort,Reverse,10000,1048300,9,152340
MergeSort,Duplicate,10000,3528700,11,107533
QuickSort,Duplicate,10000,56466700,4,10020207
DeterministicSelect,Random,10000,7850100,13,36640
ClosestPair,Random,10000,49012100,13,13630
